<?xml version="1.0" encoding="UTF-8"?>
<!DOCTYPE mapper
        PUBLIC "-//mybatis.org//DTD Mapper 3.0//EN"
        "http://mybatis.org/dtd/mybatis-3-mapper.dtd">
 
<mapper namespace="com.me.custom.mapper.MaterialMapper">
 
    <select id="findAll" resultType="com.me.custom.domain.Material">
        SELECT name
        	 , amount
        	 , status
          FROM MATERIAL
    </select>
 
 	<select id="findByName" resultType="com.me.custom.domain.Material">
        SELECT name
        	 , amount
        	 , status
		  FROM MATERIAL
		 WHERE NAME = #{name}
    </select>
    
    <select id="findByStatus" resultType="Integer">
        SELECT COUNT(0) AS CNT
		  FROM MATERIAL
		 WHERE STATUS = #{status}
    </select>
    
    <select id="findMaxSupplyDateByStatus" resultType="java.time.LocalDateTime">
        SELECT ISNULL(MAX(SUPPLY_DATE), TIMESTAMPADD(SECOND, -40, NOW()) ) AS MAX_SUPPLY_DATE
		  FROM MATERIAL
		 WHERE STATUS = #{status}
    </select>
 
    <insert id="save" parameterType="com.me.custom.domain.Material">
        INSERT INTO MATERIAL (
            name,
            amount,
            status
        )
        VALUES (
            #{name},
            #{amount},
            #{status}
        )
    </insert>
 
    <update id="updateAmount" parameterType="com.me.custom.domain.Material">
        UPDATE MATERIAL
           SET 
           	   amount = #{amount}
         WHERE name = #{name}
    </update>
    
    <update id="updateStatus" parameterType="com.me.custom.domain.Material">
        UPDATE MATERIAL
           SET 
           	   status = #{status}
           	 , supply_date = #{supply_date}
         WHERE name = #{name}
    </update>
    
    <update id="updateSupplyInfo" parameterType="com.me.custom.domain.Material">
        UPDATE MATERIAL
           SET amount = #{amount}
           	 , status = #{status}
           	 , supply_date = #{supply_date}
         WHERE name = #{name}
    </update>
 
    <delete id="deleteByName">
       DELETE FROM MATERIAL WHERE name = #{name}
    </delete>
    
    <select id="findBySupplyDate" resultType="com.me.custom.domain.Material">
    <![CDATA[
        SELECT TOP 1 
        	   NAME
        	 , AMOUNT
        	 , STATUS
        	 , SUPPLY_DATE
		  FROM MATERIAL
		 WHERE STATUS = '2'
		   AND SUPPLY_DATE <= NOW()
		 ORDER BY SUPPLY_DATE
	]]>
    </select>
 
</mapper>