<?xml version="1.0" encoding="UTF-8"?>
<configuration>

    <!--로그 파일 저장 위치-->
    <property name="LOGS_PATH" value="./logs"/>

    <appender name="STDOUT" class="ch.qos.logback.core.ConsoleAppender">
        <encoder>
            <pattern>[%d{yyyy-MM-dd HH:mm:ss}:%-3relative][%thread] %-5level %logger{35} - %msg%n</pattern>
        </encoder>
    </appender>
    <appender name="console-infolog" class="ch.qos.logback.core.ConsoleAppender">
        <encoder>
            <Pattern>%d %5p %m%n</Pattern>
        </encoder>
    </appender>


    <logger name="com.simplify.logback" level="INFO" />
    <logger name="jdbc.sqlonly" level="INFO" appender-ref="STDOUT" />
    <logger name="jdbc.resultsettable" level="INFO" appender-ref="STDOUT" />

    <root level="INFO">
        <appender-ref ref="STDOUT" />
    </root>
</configuration>