<?xml version="1.0" encoding="UTF-8"?>
<!DOCTYPE mapper
        PUBLIC "-//mybatis.org//DTD Mapper 3.0//EN"
        "http://mybatis.org/dtd/mybatis-3-mapper.dtd">
 
<mapper namespace="com.example.demo.mapper.DepartmentMapper">
 
    <select id="findAll" resultType="com.example.demo.domain.Department">
        SELECT code
        	 , name
        	 , parent_code AS parentCode 
          FROM DEPARTMENT;
    </select>
 
    <select id="findByCode" resultType="com.example.demo.domain.Department">
        SELECT * FROM DEPARTMENT WHERE code = #{code};
    </select>
 
    <insert id="save" parameterType="com.example.demo.domain.Department">
        INSERT INTO DEPARTMENT (
            name,
            parent_code
        )
        VALUES (
            #{name},
            #{parentCode}
        )
    </insert>
 
    <update id="update" parameterType="com.example.demo.domain.Department">
        UPDATE DEPARTMENT
           SET name=#{name}
             , parent_code=#{parentCode}
         WHERE code=#{code};
    </update>
 
    <delete id="deleteByCode">
       DELETE FROM DEPARTMENT WHERE code = #{code};
    </delete>
 
</mapper>