<?xml version="1.0" encoding="UTF-8"?>
<!DOCTYPE mapper
        PUBLIC "-//mybatis.org//DTD Mapper 3.0//EN"
        "http://mybatis.org/dtd/mybatis-3-mapper.dtd">
 
<mapper namespace="com.example.demo.mapper.MemberMapper">
 
    <select id="findAll" resultType="com.example.demo.domain.Member">
        SELECT code
        	 , name
        	 , position
        	 , profile_img AS profileImg 
          FROM MEMBER;
    </select>
 
    <select id="findByCode" resultType="com.example.demo.domain.Member">
        SELECT * FROM MEMBER WHERE code = #{code};
    </select>
 
    <insert id="save" parameterType="com.example.demo.domain.Member">
        INSERT INTO MEMBER (
            name,
            position,
            profile_img
        )
        VALUES (
            #{name},
            #{position},
            #{profileImg}
        )
    </insert>
 
    <update id="update" parameterType="com.example.demo.domain.Member">
        UPDATE MEMBER
           SET name=#{name}
             , position=#{position}
             , profile_img=#{profileImg}
         WHERE code=#{code};
    </update>
 
    <delete id="deleteByCode">
       DELETE FROM MEMBER WHERE code = #{code};
    </delete>
 
</mapper>